,page,pageviews_x,pageviews_y,category,delta,pagecount,tmp
733641,Margaret_Roper,50,164.0,16th-century_English_people,-0.6951219512195121,1190,1
94505,Cloudesley_Shovell,14,41.0,17th-century_English_people,-0.6585365853658536,766,1
195182,Donald_McKay,6,12.0,1810_births,-0.5,281,1
1215469,Theophilus_Shepstone,6,14.0,1817_births,-0.5714285714285714,277,1
57753,Charles_L._Robinson,6,16.0,1818_births,-0.625,314,1
1239939,Tom_Hyer,12,27.0,1819_births,-0.5555555555555556,287,1
602002,Kanaung_Mintha,10,19.0,1820_births,-0.4736842105263158,319,1
1323383,William_Poole,430,1278.0,1821_births,-0.6635367762128326,296,1
864089,Nikolay_Danilevsky,6,11.0,1822_births,-0.4545454545454546,295,1
1015969,Robert_Morris_(lawyer),6,11.0,1823_births,-0.4545454545454546,298,1
399530,Henry_Lascelles___4th_Earl_of_Harewood,23,126.0,1824_births,-0.8174603174603174,327,1
1321996,William_McGonagall,67,434.0,1825_births,-0.8456221198156681,335,1
356889,Grand_Duchess_Elizabeth_Mikhailovna_of_Russia,6,16.0,1826_births,-0.625,294,1
636526,Kinooleoliliha,6,24.0,1827_births,-0.75,295,1
1064767,Samuel_J._Randall,8,18.0,1828_births,-0.5555555555555556,314,1
1010201,Robert_E._Rodes,7,14.0,1829_births,-0.5,279,1
601442,Kamehameha_V,84,294.0,1830_births,-0.7142857142857143,326,1
729017,Marcelino_Sanz_de_Sautuola,14,310.0,1831_births,-0.9548387096774194,328,1
555108,John_Owen_Dominis,39,135.0,1832_births,-0.7111111111111111,339,1
226203,Edward_William_Godwin,7,19.0,1833_births,-0.631578947368421,317,1
601441,Kamehameha_IV,85,531.0,1834_births,-0.839924670433145,303,1
709051,Lunalilo,117,305.0,1835_births,-0.6163934426229508,331,1
956690,Queen_Emma_of_Hawaii,71,174.0,1836_births,-0.5919540229885057,323,1
561127,John_Taylor_(Taylor_Ham),6,18.0,1837_births,-0.6666666666666667,394,1
400617,Henry_Pulleine,14,30.0,1838_births,-0.5333333333333333,313,1
58074,Charles_Longuet,7,25.0,1839_births,-0.72,332,1
1124854,St_Andrew_St_John___15th_Baron_St_John_of_Bletso,14,35.0,1840_births,-0.6,406,1
202665,Douglas_Spalding,7,13.0,1841_births,-0.46153846153846156,351,1
399839,Henry_Marc_Brunel,18,123.0,1842_births,-0.8536585365853658,344,1
995871,Richard_Rowland_Kirkland,11,172.0,1843_births,-0.936046511627907,356,1
45685,Cathay_Williams,32,149.0,1844_births,-0.785234899328859,367,1
465568,James_Carey,39,368.0,1845_births,-0.8940217391304348,328,1
222012,Edward_Baker_Lincoln,430,873.0,1846_births,-0.5074455899198167,345,1
1065352,Samuel_Porter_Jones,7,17.0,1847_births,-0.5882352941176471,357,1
62160,Charlie_Bowdre,95,220.0,1848_births,-0.5681818181818181,374,1
705754,Ludwig_Purtscheller,8,21.0,1849_births,-0.6190476190476191,355,1
1326119,William_Wallace_Lincoln,519,1045.0,1850_births,-0.5033492822966508,403,1
1026280,Rodolphe_Salis,6,20.0,1851_births,-0.7,380,1
464665,James_Berry_(executioner),12,22.0,1852_births,-0.4545454545454546,367,1
693963,Lord_Colin_Campbell,10,89.0,1853_births,-0.8876404494382022,349,1
668874,Leleiohoku_II,9,65.0,1854_births,-0.8615384615384616,407,1
471547,James_Masterson,50,102.0,1855_births,-0.5098039215686274,397,1
1232613,Timothy_Thomas_Fortune,10,21.0,1856_births,-0.5238095238095238,443,1
337780,Gertrude_Elizabeth_Blood,10,58.0,1857_births,-0.8275862068965517,458,1
36852,Carl_Walther,7,15.0,1858_births,-0.5333333333333333,470,1
391958,Heinrich_von_Coudenhove-Kalergi,9,20.0,1859_births,-0.55,509,1
236377,Ellen_Watson,13,55.0,1860_births,-0.7636363636363637,495,1
510145,Jessie_Penn-Lewis,6,17.0,1861_births,-0.6470588235294117,537,1
309963,Gangadhar_Rao_Chitnavis,6,19.0,1862_births,-0.6842105263157895,472,1
38760,Carlos_I_of_Portugal,110,458.0,1863_births,-0.759825327510917,514,1
553073,John_Mensah_Sarbah,22,55.0,1864_births,-0.6,501,1
1054559,Sabino_Arana,7,14.0,1865_births,-0.5,475,1
362969,Grigory_Spiridonovich_Petrov,7,25.0,1866_births,-0.72,504,1
699785,Louise___Princess_Royal,219,489.0,1867_births,-0.5521472392638036,531,1
1120496,Sophie_of_Merenberg,12,49.0,1868_births,-0.7551020408163265,532,1
299559,Frederick_Arthur_McKenzie,6,15.0,1869_births,-0.6,547,1
1223106,Thomas_Pierrepoint,51,141.0,1870_births,-0.6382978723404256,592,1
287924,Frank_B._Willis,13,24.0,1871_births,-0.45833333333333337,552,1
87701,Clara_Butt,9,51.0,1872_births,-0.8235294117647058,615,1
87908,Clara_Ward___Princesse_de_Caraman-Chimay,17,50.0,1873_births,-0.6599999999999999,623,1
644270,Krste_Misirkov,6,21.0,1874_births,-0.7142857142857143,634,1
1214483,Theodor_Innitzer,8,18.0,1875_births,-0.5555555555555556,617,1
409431,Hiroshi_Yoshida,14,39.0,1876_births,-0.641025641025641,675,1
930032,Peter_Maurin,11,33.0,1877_births,-0.6666666666666667,630,1
697875,Louis_Camille_Maillard,6,13.0,1878_births,-0.5384615384615384,674,1
1287903,Vittorio_Ambrosio,6,13.0,1879_births,-0.5384615384615384,704,1
1290233,Volodymyr_Vynnychenko,6,24.0,1880_births,-0.75,746,1
1327661,Willie_Mulvagh,6,37.0,1881_births,-0.8378378378378378,706,1
704864,Lucy_Beall_Candler_Owens_Heinz_Leide,6,18.0,1882_births,-0.6666666666666667,785,1
750195,Marmaduke_Furness___1st_Viscount_Furness,21,135.0,1883_births,-0.8444444444444444,814,1
1349905,Zinda_Kaul,7,22.0,1884_births,-0.6818181818181819,827,1
471576,James_Maxton,16,136.0,1885_births,-0.8823529411764706,788,1
552045,John_Mathai,32,114.0,1886_births,-0.7192982456140351,876,1
304574,Fruity_Metcalfe,10,68.0,1887_births,-0.8529411764705882,909,1
1280418,Victor_Goldschmidt,9,83.0,1888_births,-0.891566265060241,934,1
1333896,Wylie_Watson,9,80.0,1889_births,-0.8875,948,1
638496,Kitty_Kirkpatrick,15,28.0,1889_deaths,-0.4642857142857143,269,1
790926,Michael_John_O'Leary,8,33.0,1890_births,-0.7575757575757576,983,1
955190,Puroshottam_Choudhary,7,15.0,1890_deaths,-0.5333333333333333,292,1
996944,Richard_Tauber,17,184.0,1891_births,-0.907608695652174,938,1
962736,Rahmatullah_Kairanawi,17,29.0,1891_deaths,-0.4137931034482759,331,1
593408,Julius_Hirsch,6,156.0,1892_births,-0.9615384615384616,1078,1
56794,Charles_Henry_Langston,8,57.0,1892_deaths,-0.8596491228070176,295,1
61390,Charles_Williams_(composer),6,19.0,1893_births,-0.6842105263157895,1026,1
182173,Dietrich_von_Choltitz,74,469.0,1894_births,-0.8422174840085288,1010,1
325807,George_Hainsworth,7,81.0,1895_births,-0.9135802469135803,1095,1
31868,Camilla_Collett,6,13.0,1895_deaths,-0.5384615384615384,304,1
958092,R._C._Sherriff,18,64.0,1896_births,-0.71875,1023,1
816307,Mirza_Reza_Kermani,11,19.0,1896_deaths,-0.42105263157894735,284,1
757235,Mary___Princess_Royal_and_Countess_of_Harewood,2702,12585.0,1897_births,-0.7852999602701629,1052,1
553088,John_Mercer_Langston,44,156.0,1897_deaths,-0.717948717948718,331,1
1285115,Vincent_Youmans,9,764.0,1898_births,-0.9882198952879581,1103,1
968079,Ramtanu_Lahiri,6,12.0,1898_deaths,-0.5,329,1
160777,DeFord_Bailey,51,227.0,1899_births,-0.775330396475771,1087,1
956711,Queen_Kapiolani,8,19.0,1899_deaths,-0.5789473684210527,333,1
863876,Nikolai_Vashugin,9,47.0,1900_births,-0.8085106382978724,1189,1
825062,Moondyne_Joe,38,122.0,1900_deaths,-0.6885245901639344,346,1
870867,Norman_Evans,8,262.0,1901_births,-0.9694656488549618,1137,1
498282,Jefferson_F._Long,6,49.0,1901_deaths,-0.8775510204081632,361,1
951316,Prince_George___Duke_of_Kent,1605,13434.0,1902_births,-0.880527020991514,1195,1
469797,James_James,18,45.0,1902_deaths,-0.6,326,1
427311,Ian_Campbell___11th_Duke_of_Argyll,28,408.0,1903_births,-0.9313725490196079,1248,1
393236,Helen_Pitts_Douglass,155,239.0,1903_deaths,-0.35146443514644354,317,1
46103,Catherine_Lacey,10,74.0,1904_births,-0.8648648648648649,1206,1
395792,Henri_Fantin-Latour,19,44.0,1904_deaths,-0.5681818181818181,338,1
725077,Mansfield_Markham,13,169.0,1905_births,-0.9230769230769231,1298,1
951655,Prince_Nikolaus_Wilhelm_of_Nassau,7,20.0,1905_deaths,-0.65,342,1
239147,Emanuel_Weiss,35,161.0,1906_births,-0.782608695652174,1302,1
471780,James_McIntyre_(poet),7,8.0,1906_deaths,-0.125,316,1
1162324,T._R._Sundaram,20,85.0,1907_births,-0.7647058823529411,1314,1
254779,Ernst_von_Bergmann,7,16.0,1907_deaths,-0.5625,334,1
154506,David_Pratt_(assassin),6,181.0,1908_births,-0.9668508287292817,1415,1
288502,Frank_Calvert,6,21.0,1908_deaths,-0.7142857142857143,343,1
843375,Nat_Jackley,8,324.0,1909_births,-0.9753086419753086,1411,1
444471,Israel_Greene,10,29.0,1909_deaths,-0.6551724137931034,356,1
186058,Dixie_Walker,22,168.0,1910_births,-0.8690476190476191,1470,1
413864,Hormuzd_Rassam,7,21.0,1910_deaths,-0.6666666666666667,362,1
1126969,Stanley_Bate,6,94.0,1911_births,-0.9361702127659575,1449,1
735566,Maria_Pia_of_Savoy,18,41.0,1911_deaths,-0.5609756097560976,365,1
92043,Clete_Roberts,24,305.0,1912_births,-0.921311475409836,1499,1
1008282,Robert_Bruce_Foote,7,19.0,1912_deaths,-0.631578947368421,410,1
854463,Niall_MacGinnis,29,154.0,1913_births,-0.8116883116883117,1583,1
227004,Edwin_Klebs,6,14.0,1913_deaths,-0.5714285714285714,337,1
707351,Luisa_Ferida,6,67.0,1914_births,-0.9104477611940298,1668,1
968859,Randolph_McCoy,130,245.0,1914_deaths,-0.4693877551020408,403,1
473038,James_Paul_Donahue___Jr.,14,48.0,1915_births,-0.7083333333333333,1531,1
59677,Charles_Reed_Bishop,15,30.0,1915_deaths,-0.5,409,1
1246626,Toni_Jo_Henry,20,1579.0,1916_births,-0.987333755541482,1569,1
236471,Ellet_J._Waggoner,8,29.0,1916_deaths,-0.7241379310344828,487,1
92088,Cleveland_Amory,18,154.0,1917_births,-0.8831168831168831,1618,1
42431,Carolus-Duran,6,17.0,1917_deaths,-0.6470588235294117,438,1
463643,James_A._Jensen,6,42.0,1918_births,-0.8571428571428572,1579,1
945280,Plato_von_Ustinov,14,45.0,1918_deaths,-0.6888888888888889,596,1
1296451,Walter_Kaaden,6,23.0,1919_births,-0.7391304347826086,1630,1
293602,Frank_Winfield_Woolworth,95,623.0,1919_deaths,-0.8475120385232745,469,1
162271,Dean_Harens,11,83.0,1920_births,-0.8674698795180723,1971,1
538649,John_Charles_Olmsted,6,15.0,1920_deaths,-0.6,410,1
197120,Donogh_O'Malley,9,34.0,1921_births,-0.7352941176470589,1871,1
404426,Herman_Bavinck,6,20.0,1921_deaths,-0.7,410,1
454093,Jack_Kruschen,107,696.0,1922_births,-0.8462643678160919,1911,1
453979,Jack_Kennedy_(train_robber),10,25.0,1922_deaths,-0.6,438,1
1011709,Robert_Graf_(actor),37,226.0,1923_births,-0.8362831858407079,2016,1
952477,Princess_Marie_Elisabeth_of_Saxe-Meiningen,7,13.0,1923_deaths,-0.46153846153846156,409,1
738367,Marina_Berti,14,1000.0,1924_births,-0.986,1993,1
894249,Panagiotis_Danglis,6,20.0,1924_deaths,-0.7,452,1
456212,Jack_Wagner_(announcer),7,24.0,1925_births,-0.7083333333333333,1978,1
330981,George_T._Morgan,8,28.0,1925_deaths,-0.7142857142857143,433,1
931370,Peter_Reynolds_(actor),7,140.0,1926_births,-0.95,2139,1
1289566,Vladimir_Sukhomlinov,7,31.0,1926_deaths,-0.7741935483870968,378,1
880246,Olof_Palme,294,3444.0,1927_births,-0.9146341463414634,2096,1
285019,Francis_Edward_Clark,7,24.0,1927_deaths,-0.7083333333333333,447,1
652655,Lance_Fuller,17,94.0,1928_births,-0.8191489361702128,2184,1
709548,Luther_Kelly,10,27.0,1928_deaths,-0.6296296296296297,430,1
1313681,William_Anthony_Furness___2nd_Viscount_Furness,9,106.0,1929_births,-0.9150943396226415,2161,1
399533,Henry_Lascelles___5th_Earl_of_Harewood,33,214.0,1929_deaths,-0.8457943925233645,490,1
469475,James_Hubbard_(murderer),8,36.0,1930_births,-0.7777777777777778,2323,1
1226196,Thure_de_Thulstrup,6,20.0,1930_deaths,-0.7,490,1
933675,Petey_Greene,44,776.0,1931_births,-0.9432989690721649,2167,1
1241973,Tom_Roberts,8,36.0,1931_deaths,-0.7777777777777778,464,1
34400,Carey_Blyton,12,77.0,1932_births,-0.8441558441558441,2142,1
225942,Edward_Treacher_Collins,10,21.0,1932_deaths,-0.5238095238095238,494,1
215722,Eddie_Adams_(photographer),34,513.0,1933_births,-0.9337231968810916,2123,1
648578,L._A._Ring,12,25.0,1933_deaths,-0.52,500,1
1288385,Vivian_Liberto,35,153.0,1934_births,-0.7712418300653595,2233,1
65127,Chato_(Apache),13,31.0,1934_deaths,-0.5806451612903225,551,1
353246,Gordon_Mills,14,102.0,1935_births,-0.8627450980392157,2323,1
1320662,William_Kennedy_Dickson,10,29.0,1935_deaths,-0.6551724137931034,518,1
298681,Freddie_Garrity,61,471.0,1936_births,-0.8704883227176221,2327,1
354633,Grace_Bedell,41,2662.0,1936_deaths,-0.9845980465815176,590,1
229549,El_Fary,10,61.0,1937_births,-0.8360655737704918,2409,1
580569,Joseph_Taylor_Robinson,14,33.0,1937_deaths,-0.5757575757575757,622,1
1296141,Walter_Heiligenberg,6,25.0,1938_births,-0.76,2647,1
272489,Feodor_Chaliapin,38,249.0,1938_deaths,-0.8473895582329317,625,1
105483,Count_Dante,42,362.0,1939_births,-0.8839779005524862,2712,1
846587,Nathaniel_Schmidt,7,18.0,1939_deaths,-0.6111111111111112,562,1
877894,Olga_Georges-Picot,18,159.0,1940_births,-0.8867924528301887,2836,1
632429,Kid_McCoy,10,98.0,1940_deaths,-0.8979591836734694,628,1
440488,Irina_Petrescu,9,130.0,1941_births,-0.9307692307692308,2910,1
377043,Hans_Ludendorff,8,19.0,1941_deaths,-0.5789473684210527,691,1
773512,Max_Mermelstein,108,713.0,1942_births,-0.8485273492286115,3135,1
519099,Jimmy_Johnson_(quarterback),6,25.0,1942_deaths,-0.76,759,1
1265652,USS_Nelson_(DD-623),7,54.0,1942_ships,-0.8703703703703703,420,1
954113,Prunella_Ransome,8,440.0,1943_births,-0.9818181818181818,3337,1
366689,Gustav_Vigeland,23,70.0,1943_deaths,-0.6714285714285715,809,1
370251,HMS_Glory_(R62),6,29.0,1943_ships,-0.7931034482758621,587,1
928052,Peter_Harvey,17,2890.0,1944_births,-0.9941176470588236,3318,1
734166,Margery_Williams,24,247.0,1944_deaths,-0.902834008097166,1061,1
1265161,USS_Flint_(CL-97),7,30.0,1944_ships,-0.7666666666666666,449,1
83591,Christopher_Wilder,251,815.0,1945_births,-0.6920245398773006,3330,1
302834,Friedrich_Fromm,162,920.0,1945_deaths,-0.8239130434782609,1056,1
233231,Elisabeth_Sladen,386,5316.0,1946_births,-0.9273890142964635,3712,1
840201,Nanalal_Dalpatram_Kavi,6,16.0,1946_deaths,-0.625,634,1
428976,Ian_Rilen,6,59.0,1947_births,-0.8983050847457628,3980,1
60539,Charles_Sumner_Woolworth,14,130.0,1947_deaths,-0.8923076923076922,645,1
1247164,Tony_Azito,15,92.0,1948_births,-0.8369565217391304,3826,1
886014,Oscar_Slater,6,17.0,1948_deaths,-0.6470588235294117,658,1
1245614,Tommy_Seebach,13,121.0,1949_births,-0.8925619834710744,3632,1
274705,Fiddlin'_John_Carson,20,43.0,1949_deaths,-0.5348837209302326,591,1
504039,Jeremy_Silberston,45,862.0,1950_births,-0.9477958236658933,3674,1
221796,Edward_Albert_Gait,8,17.0,1950_deaths,-0.5294117647058824,632,1
1211572,The_Virgin_Queen_(1955_film),6,23.0,1950s_drama_films,-0.7391304347826086,559,1
81978,Christopher_Gillis,6,18.0,1951_births,-0.6666666666666667,3653,1
1064206,Samuel_D._Riddle,11,27.0,1951_deaths,-0.5925925925925926,603,1
313601,Gary_Holton,129,760.0,1952_births,-0.8302631578947368,3813,1
952337,Princess_Louise_Sophie_of_Schleswig-Holstein-Sonderburg-Augustenburg,8,17.0,1952_deaths,-0.5294117647058824,608,1
727466,Marc_Hunter,71,743.0,1953_births,-0.9044414535666218,3710,1
952333,Princess_Louise_Charlotte_of_Saxe-Altenburg,8,25.0,1953_deaths,-0.6799999999999999,648,1
903148,Patrick_Kelly_(fashion_designer),18,189.0,1954_births,-0.9047619047619048,3763,1
393468,Helen_Vincent___Viscountess_D'Abernon,18,41.0,1954_deaths,-0.5609756097560976,591,1
800486,Mick_Cocks,11,48.0,1955_births,-0.7708333333333334,3824,1
995641,Richard_Redmayne,13,28.0,1955_deaths,-0.5357142857142857,595,1
893619,Pam_Reynolds_case,32,270.0,1956_births,-0.8814814814814815,3833,1
111818,Curnonsky,7,18.0,1956_deaths,-0.6111111111111112,690,1
169674,Dennis_Brown,172,896.0,1957_births,-0.8080357142857143,3765,1
958745,R._Thomas_Smith,7,31.0,1957_deaths,-0.7741935483870968,709,1
687123,Lisa_Michelson,14,187.0,1958_births,-0.9251336898395722,3788,1
728535,Marcel_Cachin,6,13.0,1958_deaths,-0.5384615384615384,703,1
1006162,Robbie_France,27,281.0,1959_births,-0.9039145907473309,3749,1
535058,John_B._Salling,6,12.0,1959_deaths,-0.5,666,1
248487,Eric_Nance,19,158.0,1960_births,-0.879746835443038,3931,1
1333610,Wu_Lien-teh,149,396.0,1960_deaths,-0.6237373737373737,725,1
1188418,The_Devil_at_4_O'Clock,17,303.0,1960s_drama_films,-0.9438943894389439,589,1
187140,Dobie_Gillis_Williams,13,49.0,1961_births,-0.7346938775510203,3811,1
395677,Henri_Breuil,9,20.0,1961_deaths,-0.55,715,1
792047,Michael_Ljunggren,6,19.0,1962_births,-0.6842105263157895,3930,1
251203,Erik_Scavenius,7,46.0,1962_deaths,-0.8478260869565217,750,1
617020,Keli_McGregor,12,61.0,1963_births,-0.8032786885245902,3909,1
303155,Friedrich_Wilhelm_von_Lindeiner-Wildau,38,120.0,1963_deaths,-0.6833333333333333,835,1
511531,Jill_Phipps,43,918.0,1964_births,-0.9531590413943355,4020,1
51199,Chana_Schneerson,7,27.0,1964_deaths,-0.7407407407407407,763,1
1144484,Steven_Stayner,415,1289.0,1965_births,-0.678044996121024,3783,1
825085,Moonlight_Graham,56,263.0,1965_deaths,-0.7870722433460076,824,1
246182,Eric_Andolsek,16,105.0,1966_births,-0.8476190476190476,3692,1
1124781,St._Elmo_Brady,15,42.0,1966_deaths,-0.6428571428571428,890,1
174796,Desmond_Keith_Carter,6,35.0,1967_births,-0.8285714285714285,3785,1
492384,Jean_Cadell,31,114.0,1967_deaths,-0.7280701754385965,909,1
875337,Odell_Barnes_(criminal),19,79.0,1968_births,-0.759493670886076,3844,1
960713,Radhakamal_Mukerjee,8,34.0,1968_deaths,-0.7647058823529411,950,1
85390,Chucky_Mullins,23,159.0,1969_births,-0.8553459119496856,4086,1
613179,Kazimierz_Sosnkowski,8,60.0,1969_deaths,-0.8666666666666667,932,1
90901,Clay_King_Smith,17,86.0,1970_births,-0.8023255813953488,4300,1
1339369,Yitzhak_Gruenbaum,17,71.0,1970_deaths,-0.7605633802816901,936,1
1307833,Where_the_Lilies_Bloom,13,39.0,1970s_drama_films,-0.6666666666666667,817,1
79827,Christina_Marie_Riggs,97,498.0,1971_births,-0.8052208835341366,4033,1
310972,Garfield_Wood,6,15.0,1971_deaths,-0.6,955,1
601574,Kami_(musician),68,614.0,1972_births,-0.8892508143322475,3911,1
990290,Richard_Courant,17,57.0,1972_deaths,-0.7017543859649122,965,1
850704,Neil_Stonechild,10,59.0,1973_births,-0.8305084745762712,3793,1
1228140,Tim_Buck,6,15.0,1973_deaths,-0.6,1013,1
992455,Richard_Henyard,9,111.0,1974_births,-0.9189189189189189,3788,1
940386,Phog_Allen,85,281.0,1974_deaths,-0.697508896797153,918,1
509547,Jessica_Keen,30,245.0,1975_births,-0.8775510204081632,3812,1
524484,Joe_Armstrong_(football_scout),6,22.0,1975_deaths,-0.7272727272727273,1020,1
1259328,Troy_Jackson,69,264.0,1976_births,-0.7386363636363636,3784,1
417198,Howard_W._Smith,7,26.0,1976_deaths,-0.7307692307692308,1008,1
716676,Maggie_Dixon,7,57.0,1977_births,-0.8771929824561404,3749,1
178987,Dick_Burnett_(musician),19,42.0,1977_deaths,-0.5476190476190477,958,1
717099,Magik_(rapper),11,26.0,1978_births,-0.5769230769230769,3906,1
711876,M._A._Ayyangar,16,37.0,1978_deaths,-0.5675675675675675,975,1
956179,Qasim_al-Raymi,430,1875.0,1979_births,-0.7706666666666666,4078,1
787597,Michael_Darbyshire,6,21.0,1979_deaths,-0.7142857142857143,1088,1
1129873,Stefan_Liv,10,27.0,1980_births,-0.6296296296296297,4160,1
1036430,Ronnie_Bunting,16,42.0,1980_deaths,-0.6190476190476191,1014,1
1333379,Wrestling_at_the_Chase,12,24.0,1980s_American_television_series,-0.5,847,1
653271,Landscape_in_the_Mist,6,15.0,1980s_drama_films,-0.6,862,1
163480,Death_of_Brandon_Vedas,6,15.0,1981_births,-0.6,4266,1
284832,Francis_Cugat,9,19.0,1981_deaths,-0.5263157894736843,1077,1
832473,Murder_of_Jill-Lyn_Euto,13,64.0,1982_births,-0.796875,4207,1
346427,Gladys_Henson,12,47.0,1982_deaths,-0.7446808510638299,1083,1
317734,Gemma_McCluskie,113,563.0,1983_births,-0.7992895204262878,4145,1
980669,Reginald_Denham,11,49.0,1983_deaths,-0.7755102040816326,1034,1
791947,Michael_Levin_(soldier),9,26.0,1984_births,-0.6538461538461539,4129,1
673365,Leonardo_Vitale,9,73.0,1984_deaths,-0.8767123287671232,1116,1
880279,Olubayo_Adefemi,7,16.0,1985_births,-0.5625,4232,1
733507,Margaret_Molesworth,8,27.0,1985_deaths,-0.7037037037037037,1202,1
832414,Murder_of_Denise_Amber_Lee,322,889.0,1986_births,-0.6377952755905512,4261,1
1294067,Wallis_Simpson,6583,18710.0,1986_deaths,-0.6481560662747194,1141,1
832631,Murder_of_Taylor_Behl,31,100.0,1987_births,-0.69,3866,1
218460,Edgar_P._Jacobs,6,18.0,1987_deaths,-0.6666666666666667,1245,1
723279,Mandi_Schwartz,7,33.0,1988_births,-0.7878787878787878,3707,1
739940,Marion_G._Romney,33,250.0,1988_deaths,-0.868,1202,1
1225352,Thrash_Zone,14,294.0,1989_albums,-0.9523809523809523,523,1
434130,Ilya_Zhitomirskiy,58,121.0,1989_births,-0.5206611570247934,3391,1
521751,Joan_Barry_(British_actress),9,19.0,1989_deaths,-0.5263157894736843,1284,1
638598,Kiyan_Prince,49,320.0,1990_births,-0.846875,2959,1
265063,Fabia_Drake,14,44.0,1990_deaths,-0.6818181818181819,1295,1
630541,Key_West_(TV_series),7,25.0,1990s_American_television_series,-0.72,1266,1
1190706,The_Five_Heartbeats,159,538.0,1990s_drama_films,-0.7044609665427509,1181,1
1117109,Solid_Ball_of_Rock,18,50.0,1991_albums,-0.64,590,1
1102346,Shubha_Phutela,25,30.0,1991_births,-0.16666666666666663,2323,1
733981,Margarethe_von_Oven,7,28.0,1991_deaths,-0.75,1251,1
1189842,The_Extremist,8,26.0,1992_albums,-0.6923076923076923,566,1
1175748,Terrell_Peterson,81,96.0,1992_births,-0.15625,1950,1
832623,Murder_of_Stuart_Tay,60,300.0,1992_deaths,-0.8,1352,1
276530,Fireboy,15,64.0,1993_albums,-0.765625,648,1
1120525,Sophrony_(Sakharov),6,17.0,1993_deaths,-0.6470588235294117,1405,1
1350745,Zopilote_Machine,9,102.0,1994_albums,-0.9117647058823529,708,1
1017465,Robert_Robinson_(engineer),8,31.0,1994_deaths,-0.7419354838709677,1440,1
161721,Deadly_Verses,7,23.0,1995_albums,-0.6956521739130435,751,1
1083934,Selma_Burke,21,67.0,1995_deaths,-0.6865671641791045,1419,1
1146232,Stoosh,30,1137.0,1996_albums,-0.9736147757255936,788,1
302841,Friedrich_Geiger,6,17.0,1996_deaths,-0.6470588235294117,1447,1
1258262,Trippin'_on_a_Hole_in_a_Paper_Heart,11,32.0,1996_singles,-0.65625,610,1
1288664,Vivir_(album),6,31.0,1997_albums,-0.8064516129032258,808,1
1068511,Sant_Singh_Sekhon,10,31.0,1997_deaths,-0.6774193548387097,1439,1
1192571,The_Good_Life_(Weezer_song),12,28.0,1997_singles,-0.5714285714285714,634,1
824982,Moon_Pix,10,46.0,1998_albums,-0.782608695652174,817,1
553863,John_Morton-Finney,7,50.0,1998_deaths,-0.86,1538,1
1209106,The_Substitute_2:_School's_Out,26,72.0,1998_films,-0.6388888888888888,741,1
948291,Post_Orgasmic_Chill,19,570.0,1999_albums,-0.9666666666666667,923,1
88362,Clarence_Harris,13,3092.0,1999_deaths,-0.9957956015523933,1616,1
873143,Nowhere_to_Hide_(1999_film),6,20.0,1999_films,-0.7,732,1
62139,Charlie_Big_Potato,8,54.0,1999_singles,-0.8518518518518519,659,1
845875,Nathan_Michael_Shawn_Wanya,31,85.0,2000_albums,-0.6352941176470588,935,1
782863,Meriel_Forbes,7,154.0,2000_deaths,-0.9545454545454546,1596,1
1277117,Vengo_(film),8,20.0,2000_films,-0.6,761,1
1088091,Sex_Bomb_(song),18,71.0,2000_singles,-0.7464788732394366,603,1
256168,Estate_of_Panic,8,97.0,2000s_American_television_series,-0.9175257731958762,2165,1
1185744,The_Charlotte_Church_Show,6,159.0,2000s_British_television_series,-0.9622641509433962,1134,1
269121,Fat_Choi_Spirit,23,55.0,2000s_comedy_films,-0.5818181818181818,958,1
866731,No_Direction_Home,41,54.0,2000s_documentary_films,-0.2407407407407407,710,1
724702,Mano_Po,12,60.0,2000s_drama_films,-0.8,1978,1
1303088,We_Love_Life,10,58.0,2001_albums,-0.8275862068965517,978,1
440305,Irene_von_Meyendorff,12,67.0,2001_deaths,-0.8208955223880597,1691,1
482931,Japanese_Devils,7,28.0,2001_films,-0.75,787,1
1341288,You're_My_Mate,7,21.0,2001_singles,-0.6666666666666667,649,1
304936,Full_Circle_(Boyz_II_Men_album),30,185.0,2002_albums,-0.8378378378378378,973,1
466048,James_Copeland_(actor),17,115.0,2002_deaths,-0.8521739130434782,1779,1
1189608,The_Escapist_(2002_film),8,23.0,2002_films,-0.6521739130434783,851,1
1145644,Still_Fighting_It,16,66.0,2002_singles,-0.7575757575757576,645,1
633460,Killing_Joke_(2003_album),29,229.0,2003_albums,-0.8733624454148472,1109,1
379816,Harold_Amos,8,23.0,2003_deaths,-0.6521739130434783,1819,1
407163,High_Roller:_The_Stu_Ungar_Story,9,29.0,2003_films,-0.6896551724137931,922,1
68717,Chihuahua_(song),13,37.0,2003_singles,-0.6486486486486487,771,1
1075213,Scissor_Sisters_(album),59,766.0,2004_albums,-0.922976501305483,1140,1
163750,Deaths_in_July_2004,14,65.0,2004_deaths,-0.7846153846153846,1932,1
701641,Love_of_May,8,192.0,2004_films,-0.9583333333333334,1018,1
1164751,Take_Your_Mama,16,117.0,2004_singles,-0.8632478632478633,774,1
411731,Holy_Fuck_(album),6,35.0,2005_albums,-0.8285714285714285,1159,1
1065275,Samuel_P._Massie,8,43.0,2005_deaths,-0.813953488372093,2102,1
1268621,Underclassman,23,232.0,2005_films,-0.9008620689655172,1129,1
275528,Filthy/Gorgeous,7,259.0,2005_singles,-0.972972972972973,840,1
1162795,Ta-Dah,41,371.0,2006_albums,-0.889487870619946,1236,1
220400,Edna_Lewis,41,209.0,2006_deaths,-0.8038277511961722,2215,1
724703,Mano_Po_5:_Gua_Ai_Di,14,335.0,2006_films,-0.9582089552238806,1306,1
424874,I_Don't_Feel_Like_Dancin',65,530.0,2006_singles,-0.8773584905660378,952,1
597911,K-Mart_Disco,8,37.0,2007_albums,-0.7837837837837838,1272,1
1177072,Terry_Hall_(ventriloquist),7,65.0,2007_deaths,-0.8923076923076922,2283,1
1002763,Rise_Up_(film),7,26.0,2007_films,-0.7307692307692308,1283,1
431281,If_That's_OK_with_You,6,16.0,2007_singles,-0.625,1011,1
377993,Happiness_Is_the_Road,8,32.0,2008_albums,-0.75,1232,1
557009,John_R._Reilly,10,326.0,2008_deaths,-0.9693251533742331,2362,1
1185114,The_Butterfly_Lovers_(2008_film),7,20.0,2008_films,-0.65,1421,1
338223,Get_Up_(Mary_Mary_song),6,19.0,2008_singles,-0.6842105263157895,1010,1
110488,Crooked_Timber_(album),7,62.0,2009_albums,-0.8870967741935484,1257,1
580985,Joseph_Wiseman,86,622.0,2009_deaths,-0.8617363344051447,2407,1
940234,Phobia_2,29,90.0,2009_films,-0.6777777777777778,1367,1
1293610,Walkin'_on_the_Moon,6,46.0,2009_singles,-0.8695652173913043,944,1
1332156,Wonderlustre,15,233.0,2010_albums,-0.9356223175965666,1132,1
683413,Lina_Romay_(singer),12,136.0,2010_deaths,-0.9117647058823529,2422,1
415406,How_I_Ended_This_Summer,9,47.0,2010_films,-0.8085106382978724,1207,1
410960,Holiday_(Vampire_Weekend_song),6,100.0,2010_singles,-0.94,1001,1
304981,Full_Metal_Jousting,7,20.0,2010s_American_television_series,-0.65,1315,1
898277,Passion_Play_(film),39,76.0,2010s_drama_films,-0.48684210526315785,616,1
86059,Cinderella's_Eyes,10,63.0,2011_albums,-0.8412698412698413,1064,1
61540,Charles_Wyly,7,124.0,2011_deaths,-0.9435483870967742,2338,1
304359,From_the_Rough,28,893.0,2011_films,-0.9686450167973124,1133,1
1308769,Who's_Laughing_Now_(song),7,29.0,2011_singles,-0.7586206896551724,849,1
716982,Magic_Hour_(Scissor_Sisters_album),23,262.0,2012_albums,-0.9122137404580153,877,1
668513,Leila_Denmark,12,129.0,2012_deaths,-0.9069767441860466,2173,1
1193840,The_Healing_(film),16,294.0,2012_films,-0.9455782312925171,1072,1
676861,Let's_Have_a_Kiki,94,434.0,2012_singles,-0.7834101382488479,805,1
163749,Deaths_in_January_2013,8,10.0,2013_deaths,-0.19999999999999996,607,1
255184,Erville_Alderson,8,7.0,20th-century_American_actors,0.1428571428571428,848,1
393335,Helen_Shaw_(actress),23,94.0,20th-century_American_actresses,-0.7553191489361702,2260,1
1201911,The_Night_Listener_(novel),13,72.0,20th-century_American_novels,-0.8194444444444444,754,1
368280,Guy_Rolfe,20,241.0,20th-century_actors,-0.91701244813278,2593,1
863760,Nikolai_Myaskovsky,21,60.0,20th-century_classical_composers,-0.65,1061,1
306375,G._S._Carr,6,14.0,20th-century_mathematicians,-0.5714285714285714,856,1
32779,Canchupati_Venkatrao_Venkaswami_Rao,14,24.0,20th-century_philosophers,-0.41666666666666663,596,1
777641,Megaforce,70,182.0,20th_Century_Fox_films,-0.6153846153846154,1004,1
1195723,The_Jane_Austen_Book_Club,11,51.0,21st-century_American_novels,-0.7843137254901961,617,1
307426,Gabriel_Prokofiev,10,13.0,21st-century_classical_composers,-0.23076923076923073,510,1
853718,New_York_Renaissance,22,39.0,African-American_basketball_players,-0.4358974358974359,1214,1
463563,James_A._Bland,9,21.0,African-American_musicians,-0.5714285714285714,880,1
526557,Joe_Guyon,6,13.0,All-American_college_football_players,-0.5384615384615384,1123,1
688149,List_of_foreign_Allsvenskan_players,13,6.0,Allsvenskan_players,1.1666666666666665,287,1
396938,Henry_Bennet___1st_Earl_of_Arlington,6,14.0,Alumni_of_Christ_Church___Oxford,-0.5714285714285714,533,1
552026,John_Mason_Neale,8,19.0,Alumni_of_Trinity_College___Cambridge,-0.5789473684210527,831,1
397610,Henry_Compton_(bishop),7,14.0,Alumni_of_the_University_of_Cambridge,-0.5,566,1
949364,Prasanna_Kumar_Roy,6,113.0,Alumni_of_the_University_of_Edinburgh,-0.9469026548672567,655,1
58073,Charles_Longley,8,21.0,Alumni_of_the_University_of_Oxford,-0.6190476190476191,741,1
895696,Paper_Moon_(TV_series),7,23.0,American_Broadcasting_Company_network_shows,-0.6956521739130435,1009,1
60205,Charles_Sheldon,7,18.0,American_Christians,-0.6111111111111112,1104,1
710286,Lyman_G._Bloomingdale,17,106.0,American_Jews,-0.839622641509434,2127,1
393101,Helen_Mar_Kimball,9,27.0,American_Latter_Day_Saints,-0.6666666666666667,954,1
57369,Charles_Joseph_Bonaparte,19,53.0,American_Roman_Catholics,-0.6415094339622642,1165,1
145717,David_Dodd,9,23.0,American_academics,-0.6086956521739131,1204,1
507617,Jersey_Girls,6,7.0,American_activists,-0.1428571428571429,605,1
1015812,Robert_Mills_(architect),16,23.0,American_architects,-0.30434782608695654,496,1
687848,List_of_Hudson_River_School_artists,7,17.0,American_artists,-0.5882352941176471,917,1
140290,Dave_Pilipovich,6,6.0,American_basketball_coaches,0.0,839,1
233335,Elise_Andrew,16,17.0,American_bloggers,-0.05882352941176472,747,1
1053163,S._Davies_Warfield,6,54.0,American_businesspeople,-0.8888888888888888,1766,1
61395,Charles_Williams_Nash,7,16.0,American_chief_executives,-0.5625,1023,1
688170,List_of_former_child_actors_from_the_United_States,8,15.0,American_child_actors,-0.4666666666666667,1070,1
671109,Leo_and_Diane_Dillon,9,14.0,American_children's_writers,-0.3571428571428571,697,1
940408,Phone_Losers_of_America,8,123.0,American_comedians,-0.9349593495934959,831,1
407274,High_Time_(film),14,115.0,American_comedy_films,-0.8782608695652174,1209,1
278853,Florence_Price,56,306.0,American_composers,-0.8169934640522876,1264,1
253142,Ernest_Stoneman,16,21.0,American_country_singers,-0.23809523809523814,1097,1
1118315,Son-Rise:_A_Miracle_of_Love,14,147.0,American_documentary_films,-0.9047619047619048,1156,1
700532,Love!_Valour!_Compassion!_(film),7,46.0,American_drama_films,-0.8478260869565217,1566,1
688254,List_of_playwrights_from_the_United_States,13,16.0,American_dramatists_and_playwrights,-0.1875,791,1
1225147,Thorstein_Veblen,115,124.0,American_economists,-0.07258064516129037,619,1
1064068,Samuel_C._Armstrong,19,96.0,American_educators,-0.8020833333333334,760,1
1190217,The_Farthest_Shore,42,154.0,American_fantasy_novels,-0.7272727272727273,605,1
687970,List_of_Playboy_Playmates_of_the_Year,387,434.0,American_female_models,-0.10829493087557607,762,1
260000,Eva_Jessye,7,27.0,American_female_singers,-0.7407407407407407,2001,1
698361,Louis_Guss,13,1059.0,American_film_actors,-0.987724268177526,7738,1
1286593,Virginia_Brown_Faire,6,249.0,American_film_actresses,-0.9759036144578314,4367,1
974222,Ray_Nazarro,6,82.0,American_film_directors,-0.926829268292683,2595,1
58959,Charles_O._Baumann,11,31.0,American_film_producers,-0.6451612903225806,1966,1
504358,Jericho_(2000_film),7,259.0,American_films,-0.972972972972973,11380,1
363675,Guard_(American_and_Canadian_football),82,151.0,American_football_offensive_guards,-0.45695364238410596,731,1
84583,Chuck_Dressen,7,17.0,American_football_quarterbacks,-0.5882352941176471,1364,1
253953,Ernie_Nevers,13,28.0,American_football_running_backs,-0.5357142857142857,1406,1
1227341,Tight_end,1000,1022.0,American_football_tight_ends,-0.021526418786692814,684,1
708661,Luke_Tasker,7,8.0,American_football_wide_receivers,-0.125,1465,1
609671,Katherine_Mayo,6,24.0,American_historians,-0.75,1355,1
1274078,Vampires:_The_Turning,12,56.0,American_horror_films,-0.7857142857142857,970,1
1326116,William_Wallace_Denslow,24,26.0,American_illustrators,-0.07692307692307687,531,1
1187125,The_Cringe,7,40.0,American_indie_rock_groups,-0.825,822,1
1217945,Thomas_Adams_(chewing_gum_maker),17,75.0,American_inventors,-0.7733333333333333,798,1
43664,Carter_G._Woodson,350,1289.0,American_journalists,-0.7284716834755625,1706,1
496326,Jeff_Herman,6,13.0,American_lawyers,-0.5384615384615384,947,1
794952,Michael_Romanoff,17,35.0,American_male_actors,-0.5142857142857142,1039,1
557121,John_Rahm,42,78.0,American_male_golfers,-0.46153846153846156,660,1
752607,Martin_Burns,23,33.0,American_male_professional_wrestlers,-0.303030303030303,864,1
347199,Glen_Sherley,23,319.0,American_male_singers,-0.9278996865203761,2730,1
235507,Elizur_Wright,6,7.0,American_mathematicians,-0.1428571428571429,637,1
104254,Cornelius_Vanderbilt_III,41,61.0,American_military_personnel_of_World_War_I,-0.3278688524590164,816,1
269373,Father_Yod,107,1488.0,American_military_personnel_of_World_War_II,-0.9280913978494624,2819,1
473237,James_Pollock_(artist),7,12.0,American_military_personnel_of_the_Vietnam_War,-0.41666666666666663,853,1
234998,Elizabeth_Packard,7,10.0,American_non-fiction_writers,-0.30000000000000004,733,1
205692,DuBose_Heyward,113,814.0,American_novelists,-0.8611793611793612,2416,1
686063,Lionel_Walden,6,22.0,American_painters,-0.7272727272727273,1137,1
29,Wild_Bill_Hickok,26,1267.0,American_people_of_English_descent,-0.9794790844514601,1609,1
536172,John_Bigler,7,17.0,American_people_of_German_descent,-0.5882352941176471,823,1
1336619,Yankee_Sullivan,8,75.0,American_people_of_Irish_descent,-0.8933333333333333,2570,1
293759,Frank_Zamboni,59,278.0,American_people_of_Italian_descent,-0.7877697841726619,1928,1
1053243,S._H._Kress_&_Co.,41,638.0,American_philanthropists,-0.9357366771159874,1015,1
233703,Eliza_Ruhamah_Scidmore,9,84.0,American_photographers,-0.8928571428571429,804,1
422137,Hunter_McGuire,12,32.0,American_physicians,-0.625,723,1
305265,Fundamental_Fysiks_Group,7,18.0,American_physicists,-0.6111111111111112,670,1
1324107,William_Ross_Wallace,6,14.0,American_poets,-0.5714285714285714,1243,1
807330,Mike_Lofgren,21,25.0,American_political_writers,-0.16000000000000003,729,1
871758,Norman_Triplett,19,26.0,American_psychologists,-0.2692307692307693,627,1
349463,Go_Man_Go,9,54.0,American_racehorses,-0.8333333333333334,433,1
318706,Gene_Snow,12,10.0,American_racing_drivers,0.19999999999999996,560,1
1225757,Three_X_Sisters,8,22.0,American_radio_personalities,-0.6363636363636364,760,1
344957,Girls_Who_Like_Boys_Who_Like_Boys,16,136.0,American_reality_television_series,-0.8823529411764706,973,1
959460,Racetrack_Records,7,37.0,American_record_labels,-0.8108108108108107,703,1
1221486,Thomas_Jefferson_Kaye,7,34.0,American_record_producers,-0.7941176470588236,1455,1
1075211,Scissor_Sisters,445,13667.0,American_rock_music_groups,-0.9674398185410112,1018,1
981811,Relax...It's_Just_Sex,15,33.0,American_romantic_comedy_films,-0.5454545454545454,830,1
1184040,The_Boat_of_a_Million_Years,8,47.0,American_science_fiction_novels,-0.8297872340425532,687,1
211278,Eando_Binder,8,6.0,American_science_fiction_writers,0.33333333333333326,680,1
424090,I._A._L._Diamond,22,189.0,American_screenwriters,-0.8835978835978836,2465,1
381727,Harriet_Hosmer,10,25.0,American_sculptors,-0.6,500,1
240778,Emily_Chubbuck,6,6.0,American_short_story_writers,0.0,644,1
889323,Over_the_Garden_Wall,434,521.0,American_silent_feature_films,-0.16698656429942416,695,1
1251998,Topsy_(elephant),211,221.0,American_silent_short_films,-0.04524886877828049,312,1
278867,Florence_Reece,9,17.0,American_singer-songwriters,-0.47058823529411764,1283,1
331797,George_Walker_(vaudeville),9,28.0,American_stage_actors,-0.6785714285714286,1648,1
1070908,Sarah_Padden,7,13.0,American_stage_actresses,-0.46153846153846156,1368,1
1284493,Vincent_Gardenia,131,2613.0,American_television_actors,-0.9498660543436663,6935,1
478560,Jan_Clayton,38,288.0,American_television_actresses,-0.8680555555555556,3628,1
1076878,Scott_Haze,127,128.0,American_television_directors,-0.0078125,1143,1
862435,Nightmare_in_Badham_County,9,39.0,American_television_films,-0.7692307692307692,1272,1
1158146,Svengoolie,114,332.0,American_television_personalities,-0.6566265060240963,1084,1
22605,Buck_Houghton,6,13.0,American_television_producers,-0.5384615384615384,1688,1
204503,Dreams_(TV_series),10,24.0,American_television_sitcoms,-0.5833333333333333,945,1
385640,Harry_Winkler_(writer),15,23.0,American_television_writers,-0.34782608695652173,1410,1
183972,Dink_Trout,10,21.0,American_voice_actors,-0.5238095238095238,1671,1
763399,Matilda_Joslyn_Gage,30,40.0,American_women_writers,-0.25,657,1
236068,Ellen_Hardin_Walworth,6,24.0,American_writers,-0.75,1793,1
20809,Brutal:_Paws_of_Fury,9,28.0,Amiga_games,-0.6785714285714286,751,1
1082017,Seba's_short-tailed_bat,7,29.0,Animals_described_in_1758,-0.7586206896551724,747,1
199749,Double_Dribble_(video_game),22,125.0,Arcade_games,-0.8240000000000001,1078,1
109047,Creatonotos_gangis,82,94.0,Arctiidae,-0.12765957446808507,18,1
1347345,Zama_(film),34,65.0,Argentine_films,-0.4769230769230769,162,1
648944,LIC_Housing_Finance,86,450.0,Articles_created_via_the_Article_Wizard,-0.8088888888888889,4172,1
332471,George_Young_(Scottish_footballer),6,13.0,Association_football_defenders,-0.5384615384615384,3084,1
265032,Faas_Wilkes,9,20.0,Association_football_forwards,-0.55,3482,1
987315,Ricardo_Zamora,26,38.0,Association_football_goalkeepers,-0.3157894736842105,1798,1
340758,Gift_Leremi,9,21.0,Association_football_midfielders,-0.5714285714285714,4195,1
393827,Helenium,11,27.0,Asteraceae_genera,-0.5925925925925926,180,1
29962,Caliban_(moon),19,15.0,Astronomical_objects_discovered_in_1997,0.2666666666666666,5,1
146835,David_Foster_(album),6,17.0,Atlantic_Records_albums,-0.6470588235294117,795,1
1243233,Tom_Wills,14,22.0,Australian_cricketers,-0.36363636363636365,475,1
95374,Coda_(film),39,199.0,Australian_films,-0.8040201005025126,705,1
539431,John_Cootes,6,11.0,Australian_rugby_league_players,-0.4545454545454546,884,1
1300561,Warwick_Armstrong,9,6.0,Australian_rules_footballers_from_Victoria_(Australia),0.5,917,1
1124855,St_Aubyn_baronets,6,27.0,Baronetcies,-0.7777777777777778,300,1
1111260,Sir_Michael_Culme-Seymour___3rd_Baronet,7,13.0,Baronets_in_the_Baronetage_of_the_United_Kingdom,-0.46153846153846156,556,1
1040532,Rosslyn_Wemyss___1st_Baron_Wester_Wemyss,8,22.0,Barons_in_the_Peerage_of_the_United_Kingdom,-0.6363636363636364,656,1
1158839,Swede_Risberg,10,42.0,Baseball_players_from_California,-0.7619047619047619,1106,1
309679,Gamma_Cephei,8,17.0,Bayer_objects,-0.5294117647058824,307,1
425528,I_Love_a_Rainy_Night,46,688.0,Billboard_Hot_Country_Songs_number-one_singles,-0.9331395348837209,1207,1
1086969,Serpentine_Fire,6,30.0,Billboard_Hot_R&B/Hip-Hop_Songs_number-one_singles,-0.8,807,1
687760,List_of_Birmingham_City_F.C._players,50,63.0,Birmingham_City_F.C._players,-0.2063492063492064,458,1
832294,Murder_at_the_Gallop,34,250.0,Black-and-white_films,-0.864,5906,1
1062471,Samba_Gold,25,34.0,Brazilian_expatriate_footballers,-0.2647058823529411,613,1
1110339,Sir_David_Baird___1st_Baronet,6,16.0,British_Army_generals,-0.625,603,1
127106,Daniel_Laidlaw,16,339.0,British_Army_personnel_of_World_War_I,-0.9528023598820059,949,1
1316512,William_E._Fairbairn,87,99.0,British_Army_personnel_of_World_War_II,-0.12121212121212122,899,1
268182,Far_from_the_Madding_Crowd_(1967_film),80,2176.0,British_drama_films,-0.9632352941176471,633,1
1187123,The_Crimson_Wing:_Mystery_of_the_Flamingos,23,150.0,British_films,-0.8466666666666667,3653,1
1110186,Sir_Arthur_Pearson___1st_Baronet,6,11.0,British_journalists,-0.4545454545454546,735,1
1227661,Tillandsia_recurvata,35,86.0,Bromeliaceae_species,-0.5930232558139534,66,1
583837,Josiah_S._Carberry,6,11.0,Brown_University_alumni,-0.4545454545454546,566,1
24214,Bulbophyllum,23,32.0,Bulbophyllum,-0.28125,11,1
290395,Frank_J._Sprague,12,22.0,Burials_at_Arlington_National_Cemetery,-0.4545454545454546,950,1
687769,List_of_Burnley_F.C._players_(100+_league_appearances),8,15.0,Burnley_F.C._players,-0.4666666666666667,314,1
406326,Hey_Vern___It's_Ernest!,53,116.0,CBS_network_shows,-0.5431034482758621,923,1
31082,Calyptra_thalictri,10,17.0,Calpinae,-0.4117647058823529,21,1
166709,Del_Lord,11,11.0,Canadian_film_actors,0.0,1053,1
1245818,Tommy_Tricker_and_the_Stamp_Traveller,7,21.0,Canadian_films,-0.6666666666666667,862,1
461536,Jajube_Mandiela,6,10.0,Canadian_television_actors,-0.4,1151,1
348237,Glenn_Scobey_Warner,11,41.0,Cancer_deaths_in_California,-0.7317073170731707,1023,1
1205240,The_Red_Hot_Chili_Peppers_(album),228,863.0,Capitol_Records_albums,-0.7358053302433372,806,1
48963,Center_(basketball),752,1028.0,Centers_(basketball),-0.2684824902723736,905,1
693268,Longhorn_beetle,63,67.0,Cerambycidae,-0.05970149253731338,32,1
942246,Pierre_Jean_Robiquet,6,9.0,Chevaliers_of_the_L%C3%A9gion_d'honneur,-0.33333333333333337,437,1
687774,List_of_Chicago_Bears_players,56,71.0,Chicago_Bears_players,-0.21126760563380287,773,1
565474,Johnny_Evers,13,15.0,Chicago_Cubs_players,-0.1333333333333333,815,1
739775,Mariology,161,546.0,Christian_terms,-0.7051282051282051,951,1
1233451,Tip_O'Neill_(baseball),12,15.0,Cincinnati_Reds_players,-0.19999999999999996,789,1
667814,Legnano,8,27.0,Cities_and_towns_in_Lombardy,-0.7037037037037037,270,1
1277602,Verbania,7,24.0,Cities_and_towns_in_Piedmont,-0.7083333333333333,206,1
720155,Maku___Iran,13,29.0,Cities_in_Iran,-0.5517241379310345,267,1
687780,List_of_Cleveland_Browns_first-round_draft_picks,57,73.0,Cleveland_Browns_players,-0.2191780821917808,797,1
92115,Cleveland_Indians_all-time_roster,12,20.0,Cleveland_Indians_players,-0.4,806,1
546284,John_Heisman,142,192.0,College_Football_Hall_of_Fame_inductees,-0.26041666666666663,609,1
1146077,Stone_Cold_(1991_film),82,443.0,Columbia_Pictures_films,-0.8148984198645598,817,1
1109759,Sings_Kristofferson,6,22.0,Columbia_Records_albums,-0.7272727272727273,1311,1
285940,Francis_Pharcellus_Church,9,37.0,Columbia_University_alumni,-0.7567567567567568,2166,1
533881,John_Addison_Fordyce,6,12.0,Columbia_University_faculty,-0.5,678,1
113993,Cyril_Connolly,31,116.0,Commanders_of_the_Order_of_the_British_Empire,-0.7327586206896552,1496,1
688623,Little_Computer_People,149,2812.0,Commodore_64_games,-0.9470128022759602,801,1
888408,Ouargla,9,23.0,Communes_of_Algeria,-0.6086956521739131,140,1
231569,Eletrobras,12,74.0,Companies_listed_on_the_New_York_Stock_Exchange,-0.8378378378378378,1213,1
21531,Bryan_Mahon,6,10.0,Companions_of_the_Distinguished_Service_Order,-0.4,643,1
725084,Mansfield_Smith-Cumming,40,75.0,Companions_of_the_Order_of_the_Bath,-0.4666666666666667,516,1
1111411,Sir_Richard_Wallace___1st_Baronet,18,24.0,Conservative_Party_(UK)_MPs,-0.25,1312,1
869340,Nora_Stanton_Blatch_Barney,6,20.0,Cornell_University_alumni,-0.7,1044,1
1291905,WSM_(AM),66,127.0,Country_radio_stations_in_the_United_States,-0.4803149606299213,390,1
15000,Brighamia_insignis,20,43.0,Critically_endangered_plants,-0.5348837209302326,87,1
687789,List_of_Czech_Republic_international_footballers,13,8.0,Czech_footballers,0.625,76,1
1303737,Weird_Dreams,6,30.0,DOS_games,-0.8,1120,1
152111,David_Mathews,13,18.0,Date_of_birth_missing,-0.2777777777777778,349,1
123962,Dancing_Barry,12,10.0,Date_of_birth_missing_(living_people),0.19999999999999996,774,1
760386,Mary_of_Teck,3895,7861.0,Deaths_from_lung_cancer,-0.5045159648899631,873,1
670474,Leo_Genn,54,1195.0,Deaths_from_myocardial_infarction,-0.9548117154811715,2577,1
267842,Fanny_Cochrane_Smith,53,291.0,Deaths_from_pneumonia,-0.8178694158075601,693,1
735272,Maria_Josepha_of_Austria,23,66.0,Deaths_from_stroke,-0.6515151515151515,799,1
658084,Laura_(Scissor_Sisters_song),9,88.0,Debut_singles,-0.8977272727272727,1055,1
687796,List_of_Detroit_Lions_players,21,20.0,Detroit_Lions_players,0.050000000000000044,851,1
69855,Chironomus,12,20.0,Diptera_of_Europe,-0.4,70,1
1200886,The_Motel_(film),17,102.0,Directorial_debut_films,-0.8333333333333334,1850,1
1075215,Scissor_Sisters_discography,26,730.0,Discographies_of_American_artists,-0.9643835616438357,1412,1
687855,List_of_International_Emmy_Award_winners,13,39.0,Emmy_Award_winners,-0.6666666666666667,897,1
363628,Guaiacum_sanctum,8,16.0,Endangered_plants,-0.5,132,1
350632,Golden-headed_lion_tamarin,10,18.0,Endemic_fauna_of_Brazil,-0.4444444444444444,50,1
687806,List_of_England_national_football_team_captains,85,148.0,England_international_footballers,-0.42567567567567566,621,1
1231256,Time_Flies_(Billy_Ray_Cyrus_album),6,77.0,English-language_albums,-0.922077922077922,4371,1
358332,Greatest_Hits_(Crosby___Stills_&_Nash_album),7,28.0,English-language_compilation_albums,-0.75,728,1
922896,Personal_Affair,8,1087.0,English-language_films,-0.9926402943882244,17497,1
210919,ELH,6,12.0,English-language_journals,-0.5,1180,1
948332,Postcards_of_the_Hanging,9,41.0,English-language_live_albums,-0.7804878048780488,655,1
8671,Bret_Maverick,32,631.0,English-language_television_series,-0.9492868462757528,4614,1
554432,John_Newton,268,879.0,English_Anglican_priests,-0.6951080773606371,259,1
1064147,Samuel_Courtauld_(industrialist),6,20.0,English_businesspeople,-0.7,628,1
322939,George_Bridgetower,14,37.0,English_composers,-0.6216216216216216,572,1
1326261,William_Webb_Ellis,50,148.0,English_cricketers,-0.6621621621621622,1117,1
146593,David_Farrar_(actor),34,468.0,English_film_actors,-0.9273504273504274,2091,1
252898,Ernest_Mangnall,6,12.0,English_football_managers,-0.5,902,1
564946,Johnny_Berry,39,349.0,English_footballers,-0.8882521489971347,5271,1
670376,Leo_Dryden,21,35.0,English_male_singers,-0.4,921,1
241867,Emma_Orczy,18,60.0,English_novelists,-0.7,663,1
225331,Edward_Robert_Hughes,13,28.0,English_painters,-0.5357142857142857,685,1
1119998,Sophia_Burrell,6,15.0,English_poets,-0.6,630,1
1113480,Skunk_Anansie,260,30715.0,English_rock_music_groups,-0.9915350805795214,766,1
1220757,Thomas_Haynes_Bayly,6,7.0,English_songwriters,-0.1428571428571429,744,1
325592,George_Grossmith,15,26.0,English_stage_actors,-0.42307692307692313,1135,1
248763,Eric_Portman,52,487.0,English_television_actors,-0.893223819301848,2591,1
757750,Mary_Bowes___Countess_of_Strathmore_and_Kinghorne,11,21.0,English_writers,-0.47619047619047616,457,1
648477,L-Fuculokinase,6,7.0,Enzymes_of_unknown_structure,-0.1428571428571429,49,1
688169,List_of_foreign_football_players_in_the_Netherlands,13,27.0,Eredivisie_players,-0.5185185185185186,973,1
903840,Patrick_O'Connell_(Irish_footballer),43,29.0,Expatriate_footballers_in_England,0.48275862068965525,1408,1
688154,List_of_foreign_MLS_players,76,96.0,Expatriate_soccer_players_in_the_United_States,-0.20833333333333337,605,1
398137,Henry_Fairfield_Osborn,15,28.0,Fellows_of_the_American_Academy_of_Arts_and_Sciences,-0.4642857142857143,937,1
550290,John_Lennard-Jones,9,145.0,Fellows_of_the_Royal_Society,-0.9379310344827586,2095,1
1201107,The_Muppets_(soundtrack),11,118.0,Film_soundtracks,-0.9067796610169492,943,1
1268609,Under_the_Volcano_(film),25,123.0,Films_based_on_novels,-0.7967479674796748,2239,1
1056432,Sailor_Beware_(1952_film),7,22.0,Films_based_on_plays,-0.6818181818181819,971,1
1213119,The_World___the_Flesh_and_the_Devil_(1959_film),48,2856.0,Films_set_in_New_York_City,-0.9831932773109243,952,1
943646,Pimelodus_pictus,29,62.0,Fish_of_South_America,-0.532258064516129,162,1
178752,Dichorisandra_thyrsiflora,7,20.0,Flora_of_Brazil,-0.65,152,1
1043935,Rubus_spectabilis,41,212.0,Flora_of_California,-0.8066037735849056,264,1
99504,Commelina_erecta,6,8.0,Flora_of_Ecuador,-0.25,67,1
257868,Eucalyptus_saligna,6,25.0,Flora_of_New_South_Wales,-0.76,435,1
104998,Corymbia_aparrerinja,8,18.0,Flora_of_Queensland,-0.5555555555555556,426,1
947947,Port_Chicago___California,13,18.0,Former_populated_places_in_California,-0.2777777777777778,108,1
1186278,The_Closet_(2001_film),7,20.0,French-language_films,-0.65,1154,1
1253475,Toussaint_Charbonneau,116,144.0,French_Quebecers,-0.19444444444444442,347,1
404027,Hercules_Unchained,12,215.0,French_films,-0.9441860465116279,1693,1
491446,Jean-Marc_Nattier,6,12.0,French_painters,-0.5,310,1
688150,List_of_foreign_Bundesliga_players,36,89.0,Fu%C3%9Fball-Bundesliga_players,-0.5955056179775281,1228,1
105405,Coucal,13,43.0,Genera_of_birds,-0.6976744186046512,576,1
1269994,Upper_Tantallon___Nova_Scotia,6,17.0,General_Service_Areas_in_Nova_Scotia,-0.6470588235294117,246,1
321102,Geometer_moth,53,56.0,Geometridae,-0.0535714285714286,13,1
405962,Herzog_Blaubarts_Burg,7,19.0,German-language_films,-0.631578947368421,642,1
1075082,Schumacher,6,18.0,German-language_surnames,-0.6666666666666667,517,1
354326,Gotthold_Eisenstein,8,17.0,German_Jews,-0.5294117647058824,654,1
1311273,Wilhelmine_of_Prussia___Margravine_of_Brandenburg-Bayreuth,15,47.0,German_composers,-0.6808510638297872,386,1
326951,George_Kessler,8,14.0,German_emigrants_to_the_United_States,-0.4285714285714286,648,1
1119274,Sonnenallee,12,20.0,German_films,-0.4,589,1
280607,Footballer_of_the_Year_in_Germany,27,28.0,German_footballers,-0.0357142857142857,897,1
1311135,Wilhelm_Souchon,7,17.0,German_military_personnel_of_World_War_I,-0.5882352941176471,710,1
774102,Max_Valentiner,6,15.0,German_military_personnel_of_World_War_II,-0.6,882,1
320191,Geoffrey,8,22.0,Given_names,-0.6363636363636364,745,1
2285,Boyz_II_Men,2194,26931.0,Grammy_Award-winning_artists,-0.9185325461364227,1843,1
815016,Minyans,13,49.0,Greek_mythology,-0.7346938775510203,993,1
687840,List_of_Green_Bay_Packers_players,55,77.0,Green_Bay_Packers_players,-0.2857142857142857,894,1
546066,John_Hasbrouck_Van_Vleck,6,10.0,Guggenheim_Fellows,-0.4,1215,1
81611,Christopher_Columbus_Langdell,9,41.0,Harvard_Law_School_alumni,-0.7804878048780488,1039,1
44776,Cass_Canfield,7,43.0,Harvard_University_alumni,-0.8372093023255813,3970,1
1235294,Tod_Williams_Billie_Tsien_Architects,20,24.0,Harvard_University_faculty,-0.16666666666666663,927,1
1054014,S_Doradus,7,20.0,Henry_Draper_Catalogue_objects,-0.65,159,1
1091728,Shankar_Shambhu,12,106.0,Hindi-language_films,-0.8867924528301887,2872,1
1073770,Saving_General_Yang,51,270.0,Hong_Kong_films,-0.8111111111111111,895,1
913609,Paul_Revere_House,23,64.0,Houses_on_the_National_Register_of_Historic_Places_in_Massachusetts,-0.640625,158,1
1332615,Woolworth_Estate,8,42.0,Houses_on_the_National_Register_of_Historic_Places_in_New_York,-0.8095238095238095,199,1
467082,James_E._Norris,16,17.0,Ice_hockey_people_from_Ontario,-0.05882352941176472,922,1
90768,Clavius_(crater),7,12.0,Impact_craters_on_the_Moon,-0.41666666666666663,101,1
1118036,Something_New_(film),66,428.0,Independent_films,-0.8457943925233645,2212,1
598577,K._Sarangkapani,6,54.0,Indian_film_actors,-0.8888888888888888,876,1
51206,Chanakyan,32,641.0,Indian_films,-0.9500780031201248,6793,1
184287,Dinshaw_Edulji_Wacha,13,32.0,Indian_politicians,-0.59375,1052,1
797942,Michal_Ansky,6,10.0,Israeli_Jews,-0.4,868,1
1194714,The_House_with_Laughing_Windows,15,33.0,Italian-language_films,-0.5454545454545454,798,1
279071,Florentine_Camerata,7,20.0,Italian_composers,-0.65,347,1
404000,Hercules_(1958_film),22,127.0,Italian_films,-0.8267716535433071,1261,1
1288005,Vittorio_Pozzo,15,21.0,Italian_footballers,-0.2857142857142857,1270,1
32744,Canaletto,47,177.0,Italian_painters,-0.7344632768361582,364,1
1023948,Rockman_EXE_WS,6,20.0,Japan-exclusive_video_games,-0.7,777,1
835614,My_Neighbor_Totoro,1254,7054.0,Japanese-language_films,-0.8222285228239297,861,1
1072785,Satsuki,7,22.0,Japanese-language_surnames,-0.6818181818181819,303,1
874915,Ocean_Waves_(film),247,1242.0,Japanese_films,-0.8011272141706924,950,1
839245,Naim,6,17.0,Jewish_surnames,-0.6470588235294117,455,1
99770,Compton_Mackenzie,19,569.0,Knights_Bachelor,-0.9666080843585237,1477,1
1007647,Robert_Barrie,6,15.0,Knights_Commander_of_the_Order_of_the_Bath,-0.6,550,1
688152,List_of_foreign_La_Liga_players,75,97.0,La_Liga_footballers,-0.22680412371134018,1121,1
210222,E._D._Morel,19,18.0,Labour_Party_(UK)_MPs,0.05555555555555558,759,1
1258230,Triplochiton_scleroxylon,6,16.0,Least_concern_plants,-0.625,198,1
687890,List_of_Liberal_Party_(UK)_MPs,7,9.0,Liberal_Party_(UK)_MPs,-0.2222222222222222,443,1
689439,Live_Baby_Live,23,510.0,Live_video_albums,-0.9549019607843138,741,1
41069,Carol_Higgins_Clark,21,8307.0,Living_people,-0.9974720115565185,256522,1
434668,Imokawa_Mukuzo_Genkanban_no_Maki,9,13.0,Lost_films,-0.3076923076923077,364,1
755661,Marty_Bergen_(baseball),17,27.0,Major_League_Baseball_catchers,-0.37037037037037035,623,1
699355,Louis_Sockalexis,19,30.0,Major_League_Baseball_outfielders,-0.3666666666666667,768,1
513178,Jim_Devlin,8,19.0,Major_League_Baseball_pitchers,-0.5789473684210527,2826,1
687894,List_of_Manchester_United_F.C._players,854,1555.0,Manchester_United_F.C._players,-0.4508038585209003,457,1
1123279,Spider-Woman_(Charlotte_Witter),6,26.0,Marvel_Comics_supervillains,-0.7692307692307692,860,1
1222123,Thomas_Lyon-Bowes___12th_Earl_of_Strathmore_and_Kinghorne,8,17.0,Marylebone_Cricket_Club_cricketers,-0.5294117647058824,309,1
1017474,Robert_Robinson_Taylor,11,26.0,Massachusetts_Institute_of_Technology_alumni,-0.5769230769230769,842,1
779977,Melastoma_malabathricum,7,25.0,Medicinal_plants,-0.72,829,1
15155,Brigit_of_Kildare,192,718.0,Medieval_Gaels,-0.7325905292479109,271,1
846574,Nathaniel_Rochester,14,16.0,Members_of_the_New_York_State_Assembly,-0.125,369,1
202348,Douglas_Macmillan,6,13.0,Members_of_the_Order_of_the_British_Empire,-0.5384615384615384,991,1
1223743,Thomas_Seymour___1st_Baron_Seymour_of_Sudeley,349,3406.0,Members_of_the_Parliament_of_England_(pre-1707),-0.8975337639459777,733,1
401524,Henry_Vansittart,6,23.0,Members_of_the_Parliament_of_Great_Britain_for_English_constituencies,-0.7391304347826086,554,1
1179385,Thaddeus_Stevens,464,618.0,Members_of_the_Pennsylvania_House_of_Representatives,-0.2491909385113269,272,1
479421,Jan_Smuts,280,883.0,Members_of_the_Privy_Council_of_the_United_Kingdom,-0.6828992072480181,1336,1
996992,Richard_Temple-Nugent-Brydges-Chandos-Grenville___2nd_Duke_of_Buckingham_and_Chandos,15,162.0,Members_of_the_United_Kingdom_Parliament_for_English_constituencies,-0.9074074074074074,2744,1
1300731,Washington_Hunt,9,23.0,Members_of_the_United_States_House_of_Representatives_from_New_York,-0.6086956521739131,384,1
331715,George_W._Scranton,17,18.0,Members_of_the_United_States_House_of_Representatives_from_Pennsylvania,-0.05555555555555558,191,1
77872,Christiaan_Eijkman,11,36.0,Members_of_the_United_States_National_Academy_of_Sciences,-0.6944444444444444,1414,1
701796,Lovely_to_Look_At,9,21.0,Metro-Goldwyn-Mayer_films,-0.5714285714285714,937,1
687907,List_of_Miami_Dolphins_players,62,71.0,Miami_Dolphins_players,-0.12676056338028174,761,1
815961,Mirkwood_Elves,7,32.0,Middle-earth_redirects,-0.78125,83,1
161245,Deacon_White,21,29.0,Minor_league_baseball_managers,-0.27586206896551724,736,1
28367,C20H25N3O,10,15.0,Molecular_formulas,-0.33333333333333337,27,1
986428,Ribbon_eel,42,126.0,Monotypic_fish_genera,-0.6666666666666667,165,1
824144,Mont_Fort,8,24.0,Mountains_of_the_Alps,-0.6666666666666667,223,1
832762,Muricidae,17,26.0,Muricidae,-0.34615384615384615,30,1
309907,Gang_of_Four_(band),145,14270.0,Musical_quartets,-0.9898388227049755,801,1
983790,Restless_Heart,59,269.0,Musical_quintets,-0.7806691449814126,723,1
687915,List_of_NASCAR_drivers,138,175.0,NASCAR_drivers,-0.2114285714285714,622,1
688094,List_of_awards_and_nominations_received_by_30_Rock,15,42.0,NBC_network_shows,-0.6428571428571428,1057,1
827516,Moses_Elias_Levy,6,24.0,Naturalized_citizens_of_the_United_States,-0.75,1682,1
687922,List_of_New_Orleans_Saints_first-round_draft_picks,7,7.0,New_Orleans_Saints_players,0.0,724,1
797129,Michael_Walsh_(New_York),11,26.0,New_York_Democrats,-0.5769230769230769,477,1
687925,List_of_New_York_Giants_players,67,82.0,New_York_Giants_players,-0.18292682926829273,789,1
397132,Henry_Brewster_Stanton,13,28.0,New_York_Republicans,-0.5357142857142857,464,1
853725,New_York_State_Senate,189,242.0,New_York_State_Senators,-0.21900826446280997,223,1
122292,Dan_Peres,17,33.0,New_York_University_alumni,-0.48484848484848486,940,1
835942,My_Word_Coach,7,22.0,Nintendo_DS_games,-0.6818181818181819,817,1
23044,Bud_Flanagan,37,136.0,Officers_of_the_Order_of_the_British_Empire,-0.7279411764705883,1369,1
1218760,Thomas_Burke_(athlete),8,21.0,Olympic_medalists_in_athletics_(track_and_field),-0.6190476190476191,972,1
687851,List_of_Indian_field_hockey_captains_in_Olympics,120,99.0,Olympic_medalists_in_field_hockey,0.21212121212121215,208,1
687941,List_of_Olympic_medalists_in_football,46,55.0,Olympic_medalists_in_football,-0.1636363636363637,418,1
687942,List_of_Olympic_medalists_in_gymnastics_(men),21,18.0,Olympic_medalists_in_gymnastics,0.16666666666666674,245,1
687944,List_of_Olympic_medalists_in_ice_hockey,128,123.0,Olympic_medalists_in_ice_hockey,0.04065040650406515,380,1
687945,List_of_Olympic_medalists_in_rowing_(men),22,36.0,Olympic_medalists_in_rowing,-0.38888888888888884,192,1
687947,List_of_Olympic_medalists_in_swimming_(men),19,43.0,Olympic_medalists_in_swimming,-0.5581395348837209,472,1
283944,Francesco_Maria_Veracini,12,31.0,Opera_composers,-0.6129032258064516,621,1
947799,Porgy_and_Bess,2766,11534.0,Operas,-0.7601872724119993,771,1
688175,List_of_golfers_with_most_PGA_Tour_wins,458,533.0,PGA_Tour_golfers,-0.14071294559099434,714,1
106468,Crack_in_the_World,14,135.0,Paramount_Pictures_films,-0.8962962962962963,950,1
951378,Prince_Henry___Duke_of_Gloucester,1311,9582.0,People_educated_at_Eton_College,-0.8631809643080777,1362,1
19310,Bruce_Price,6,17.0,People_from_Baltimore___Maryland,-0.6470588235294117,651,1
1401,Boston_Corbett,133,344.0,People_from_Boston___Massachusetts,-0.6133720930232558,1002,1
325329,George_Gershwin,864,2180.0,People_from_Brooklyn,-0.6036697247706422,1832,1
725483,Manuel_Belgrano,35,50.0,People_from_Buenos_Aires,-0.30000000000000004,408,1
24049,Bugs_Moran,256,963.0,People_from_Chicago___Illinois,-0.7341640706126688,1862,1
292455,Frank_Rockefeller,24,35.0,People_from_Cleveland___Ohio,-0.3142857142857143,675,1
1070205,Sarah_Curran,6,11.0,People_from_County_Dublin,-0.4545454545454546,507,1
878515,Oliver_Burke,246,480.0,People_from_County_Galway,-0.48750000000000004,151,1
773091,Max_Greenberg,7,10.0,People_from_Detroit___Michigan,-0.30000000000000004,883,1
337260,Gerry_Leonard,20,41.0,People_from_Dublin_(city),-0.5121951219512195,473,1
871784,Norman_Warne,41,150.0,People_from_London,-0.7266666666666667,718,1
914896,Paul_Stevens_(actor),23,365.0,People_from_Los_Angeles___California,-0.936986301369863,2044,1
1017530,Robert_Roosevelt,6,17.0,People_from_Manhattan,-0.6470588235294117,795,1
1285944,Violent_Femmes,389,504.0,People_from_Milwaukee___Wisconsin,-0.22817460317460314,474,1
754576,Martin_Picard,12,21.0,People_from_Montreal,-0.4285714285714286,620,1
1162698,TRU_(group),16,25.0,People_from_New_Orleans___Louisiana,-0.36,596,1
125944,Daniel_F._Bakeman,23,46.0,People_from_New_York,-0.5,650,1
540288,John_D._Rockefeller___Jr.,35,374.0,People_from_New_York_City,-0.9064171122994652,2410,1
241228,Emily_Ryerson,7,18.0,People_from_Philadelphia___Pennsylvania,-0.6111111111111112,1195,1
369490,H._G._Peter,9,32.0,People_from_San_Francisco___California,-0.71875,958,1
589784,Julia_Grant,127,284.0,People_from_St._Louis___Missouri,-0.5528169014084507,768,1
778738,Mei_Quong_Tart,8,23.0,People_from_Sydney,-0.6521739130434783,620,1
1164136,Takahashi_Korekiyo,20,42.0,People_from_Tokyo,-0.5238095238095238,620,1
235193,Elizabeth_Simcoe,13,23.0,People_from_Toronto,-0.4347826086956522,888,1
559817,John_Smyth_(Baptist_minister),27,53.0,People_of_the_Stuart_period,-0.49056603773584906,337,1
225540,Edward_Seymour___1st_Duke_of_Somerset,214,1014.0,People_of_the_Tudor_period,-0.7889546351084813,1218,1
687959,List_of_Philadelphia_Eagles_players,47,79.0,Philadelphia_Eagles_players,-0.40506329113924056,842,1
63643,Charlie_Starr,6,11.0,Philadelphia_Phillies_players,-0.4545454545454546,785,1
296244,Fred_Clarke,6,13.0,Pittsburgh_Pirates_players,-0.5384615384615384,741,1
687962,List_of_Pittsburgh_Steelers_players,39,58.0,Pittsburgh_Steelers_players,-0.3275862068965517,681,1
1045787,Rugby,51,182.0,Place_name_disambiguation_pages,-0.7197802197802198,659,1
827717,Moses_Taylor,7,13.0,Place_of_birth_missing,-0.46153846153846156,885,1
270028,Fay_McKenzie,8,19.0,Place_of_birth_missing_(living_people),-0.5789473684210527,4796,1
1006857,Robert_Adams_(handgun_designer),17,35.0,Place_of_death_missing,-0.5142857142857142,597,1
823508,Monilinia_fructicola,58,183.0,Plant_pathogens_and_diseases,-0.6830601092896175,389,1
1264549,UFC:_Sudden_Impact,7,53.0,PlayStation_2_games,-0.8679245283018868,1655,1
1298864,Wangan_Midnight_(video_game),11,26.0,PlayStation_3_games,-0.5769230769230769,1092,1
1274059,Vampire_Hunter_D_(video_game),7,19.0,PlayStation_games,-0.631578947368421,979,1
946112,Point_guard,1170,1515.0,Point_guards,-0.2277227722772277,1014,1
1117382,Solomon_Luria,6,14.0,Polish_Jews,-0.5714285714285714,471,1
16486,Broken_Vow,16,90.0,Pop_ballads,-0.8222222222222222,927,1
921456,Peradeniya,9,17.0,Populated_places_in_Central_Province___Sri_Lanka,-0.47058823529411764,46,1
687972,List_of_Port_Vale_F.C._players,13,21.0,Port_Vale_F.C._players,-0.38095238095238093,318,1
613737,Keavy_Lynch,52,179.0,Possible_cut-and-paste_moves,-0.7094972067039106,182,1
884275,Original_Night_Stalker,33,48.0,Possibly_living_people,-0.3125,295,1
867544,Noah_Vonleh,92,134.0,Power_forwards_(basketball),-0.31343283582089554,951,1
687973,List_of_Premier_League_players_with_100_or_more_goals,116,184.0,Premier_League_players,-0.3695652173913043,2382,1
1155955,Susan_R._Barry,6,14.0,Princeton_University_alumni,-0.5714285714285714,1258,1
28389,CARICOM,12,24.0,Printworthy_redirects,-0.5,177,1
688136,List_of_families_of_Lahore,11,31.0,Punjabi_people,-0.6451612903225806,763,1
1201657,The_New_Atlantis_(journal),18,20.0,Quarterly_journals,-0.09999999999999998,331,1
1203661,The_Pill_(song),31,120.0,RPM_Country_Tracks_number-one_singles,-0.7416666666666667,776,1
373407,Hambletonian_10,6,8.0,Racehorses_trained_in_the_United_States,-0.25,364,1
423349,Hyundai_Universe,6,32.0,Rear-wheel-drive_vehicles,-0.8125,1007,1
888135,Otto_Ruge,8,13.0,Recipients_of_the_Bronze_Star_Medal,-0.3846153846153846,1205,1
578320,Joseph_Henry_Pendleton,7,12.0,Recipients_of_the_Distinguished_Service_Medal_(United_States),-0.41666666666666663,774,1
336541,German_Cross,71,77.0,Recipients_of_the_German_Cross,-0.07792207792207795,280,1
1044491,Rudolf_Clausius,41,108.0,Recipients_of_the_Iron_Cross,-0.6203703703703703,501,1
302957,Friedrich_Kirchner,9,22.0,Recipients_of_the_Knight's_Cross,-0.5909090909090908,836,1
17905,Bruce_C._Clarke,6,15.0,Recipients_of_the_Legion_of_Merit,-0.6,1322,1
1104266,Sidney_Reilly,140,128.0,Recipients_of_the_Military_Cross,0.09375,465,1
282230,Four_Chaplains,138,274.0,Recipients_of_the_Purple_Heart_medal,-0.4963503649635036,1191,1
641562,Koromon,7,8.0,Redirects_from_Digimon,-0.125,11,1
1272514,Val_Venis,317,795.0,Redirects_from_alternative_names,-0.6012578616352201,211,1
693091,Lonesome_Loser,9,23.0,Redirects_from_songs,-0.6086956521739131,417,1
455986,Jack_Stratton,12,32.0,Republic_of_Ireland_association_footballers,-0.625,538,1
1233698,Tisza,30,52.0,Rivers_of_Romania,-0.42307692307692313,6,1
390926,Hedonism_(Just_Because_You_Feel_Good),11,362.0,Rock_ballads,-0.9696132596685083,852,1
1031032,Roman_Catholic_Diocese_of_Bungoma,11,38.0,Roman_Catholic_dioceses_and_prelatures_established_in_the_20th_century,-0.7105263157894737,342,1
693876,Lord_Adolphus_FitzClarence,15,38.0,Royal_Navy_admirals,-0.6052631578947368,375,1
370091,HMS_Avenger,7,24.0,Royal_Navy_ship_names,-0.7083333333333333,384,1
688157,List_of_foreign_Russian_Premier_League_players,9,14.0,Russian_Premier_League_players,-0.3571428571428571,432,1
687992,List_of_San_Francisco_49ers_starting_quarterbacks,2908,3360.0,San_Francisco_49ers_players,-0.1345238095238095,795,1
1269072,United_Independent_School_District,6,15.0,School_districts_in_Texas,-0.6,308,1
519428,Jimmy_McGrory,64,67.0,Scottish_Football_League_players,-0.04477611940298509,1383,1
688159,List_of_foreign_Scottish_Premier_League_players,121,66.0,Scottish_Premier_League_players,0.8333333333333333,1018,1
1327526,Willie_Maley,11,22.0,Scottish_footballers,-0.5,1525,1
984550,Revenge_of_the_Pink_Panther,47,138.0,Sequel_films,-0.6594202898550725,963,1
687747,List_of_Argentine_footballers_in_Serie_A,6,17.0,Serie_A_footballers,-0.6470588235294117,1543,1
5824,Brandon_Triche,16,26.0,Shooting_guards,-0.3846153846153846,1086,1
393960,Helio_Stallion,6,17.0,Single-engine_aircraft,-0.6470588235294117,856,1
1114811,Small_forward,1121,1436.0,Small_forwards,-0.21935933147632314,921,1
1188249,The_Devil's_Backbone,236,598.0,Spanish-language_films,-0.6053511705685619,721,1
508259,Jesse_Burkett,7,13.0,St._Louis_Cardinals_players,-0.46153846153846156,788,1
687999,List_of_Stanford_University_people,71,78.0,Stanford_University_alumni,-0.08974358974358976,1080,1
1178938,Tex_Rickard,30,55.0,Stanley_Cup_champions,-0.4545454545454546,822,1
1145974,Stoke_City_F.C._Player_of_the_Year,9,9.0,Stoke_City_F.C._players,0.0,380,1
688301,List_of_top_goalscorers_in_Superleague_Greece_by_season,7,12.0,Superleague_Greece_players,-0.41666666666666663,485,1
1270791,Usher,49,246.0,Surnames,-0.8008130081300813,1995,1
308982,Galatta_Kalyanam,40,655.0,Tamil-language_films,-0.9389312977099237,1526,1
1072566,Sati_Anasuya,12,27.0,Telugu-language_films,-0.5555555555555556,892,1
319655,Geoff_Bent,20,207.0,The_Football_League_players,-0.9033816425120773,6006,1
1112830,Sizing_Europe,6,24.0,Thoroughbred_racehorses,-0.75,927,1
445078,It's_Not_Unusual,72,785.0,UK_Singles_Chart_number-one_singles,-0.9082802547770701,943,1
1246316,Toms_Place___California,7,123.0,Unincorporated_communities_in_California,-0.943089430894309,500,1
279865,Floyds_Knobs___Indiana,13,22.0,Unincorporated_communities_in_Indiana,-0.40909090909090906,188,1
948253,Possum_Trot___Kentucky,7,25.0,Unincorporated_communities_in_Kentucky,-0.72,205,1
372543,Hale's_Ford___Virginia,7,20.0,Unincorporated_communities_in_Virginia,-0.65,447,1
1084345,Seneca_Rocks___West_Virginia,8,23.0,Unincorporated_communities_in_West_Virginia,-0.6521739130434783,307,1
276968,Fish_Creek___Wisconsin,9,14.0,Unincorporated_communities_in_Wisconsin,-0.3571428571428571,125,1
1320182,William_Jackson_Palmer,13,24.0,United_States_Army_Medal_of_Honor_recipients,-0.45833333333333337,628,1
1318407,William_H._French,7,24.0,United_States_Army_generals,-0.7083333333333333,958,1
995585,Richard_R._Wright,12,124.0,United_States_Army_officers,-0.9032258064516129,1178,1
142487,David_B._Barkley,6,22.0,United_States_Army_soldiers,-0.7272727272727273,1318,1
824556,Montgomery_Blair,15,42.0,United_States_Military_Academy_alumni,-0.6428571428571428,873,1
1269097,United_States_Naval_Academy_Cemetery,24,16.0,United_States_Naval_Academy_alumni,0.5,577,1
223146,Edward_Fitzgerald_Beale,13,42.0,United_States_Navy_officers,-0.6904761904761905,806,1
1266207,USS_Williamsburg,8,20.0,United_States_Navy_ship_names,-0.6,357,1
750699,Marsh_v._Alabama,6,21.0,United_States_Supreme_Court_cases,-0.7142857142857143,1073,1
1084159,Seminole_(film),6,36.0,Universal_Pictures_films,-0.8333333333333334,973,1
1269950,Upendrakishore_Ray_Chowdhury,49,163.0,University_of_Calcutta_alumni,-0.6993865030674846,689,1
813158,Milman_Parry,8,18.0,University_of_California___Berkeley_alumni,-0.5555555555555556,1197,1
68090,Chicago_Boys,94,95.0,University_of_Chicago_alumni,-0.010526315789473717,861,1
562480,John_W._Kern,6,12.0,University_of_Michigan_alumni,-0.5,944,1
595232,Junkyard_Empire,6,15.0,University_of_Minnesota_alumni,-0.6,615,1
586409,Juan_Luis_Vives,7,19.0,University_of_Paris_alumni,-0.631578947368421,629,1
1013199,Robert_J._Walker,8,15.0,University_of_Pennsylvania_alumni,-0.4666666666666667,586,1
1188541,The_Dirty_Dozen_(filmmaking),11,10.0,University_of_Southern_California_alumni,0.10000000000000009,895,1
1060398,Sam_Hughes,15,19.0,University_of_Toronto_alumni,-0.21052631578947367,697,1
562491,John_W._Kingdon,6,8.0,University_of_Wisconsin%E2%80%93Madison_alumni,-0.25,783,1
862190,Night_Work_(Scissor_Sisters_album),14,175.0,Unprintworthy_redirects,-0.92,1358,1
1322539,William_Nicholas_Selig,9,35.0,Vaudeville_performers,-0.7428571428571429,740,1
1227359,Tigon_Studios,25,95.0,Video_game_development_companies,-0.736842105263158,813,1
1122134,Sparkster:_Rocket_Knight_Adventures_2,7,19.0,Video_game_sequels,-0.631578947368421,945,1
1332969,World_Rugby,61,202.0,Video_games_developed_in_the_United_Kingdom,-0.698019801980198,944,1
263320,Excite_Truck,8,34.0,Video_games_developed_in_the_United_States,-0.7647058823529411,959,1
723709,Mangasuli,9,13.0,Villages_in_Belgaum_district,-0.3076923076923077,101,1
680950,Lidice,132,115.0,Villages_in_the_Czech_Republic,0.14782608695652177,59,1
631592,Khaya_ivorensis,11,24.0,Vulnerable_plants,-0.5416666666666667,221,1
378598,Hard_(Gang_of_Four_album),20,683.0,Warner_Bros._Records_albums,-0.9707174231332357,840,1
1198924,The_Lucky_One_(film),324,1070.0,Warner_Bros._films,-0.6971962616822429,1254,1
688063,List_of_Washington_Redskins_first-round_draft_picks,13,16.0,Washington_Redskins_players,-0.1875,1037,1
1088306,Sexy_Poker,7,20.0,Wii_games,-0.65,779,1
1335130,Xonotic,8,50.0,Windows_games,-0.84,3841,1
1264827,USS_Boggs_(DD-136),8,19.0,World_War_II_auxiliary_ships_of_the_United_States,-0.5789473684210527,326,1
282570,Fracture_(video_game),7,34.0,Xbox_360_games,-0.7941176470588236,1105,1
322677,George_Bird_Grinnell,12,38.0,Yale_University_alumni,-0.6842105263157895,1843,1
1261451,Tuone_Udaina,14,129.0,Year_of_birth_missing,-0.8914728682170543,2551,1
1054524,Sabine_Karsenti,12,32.0,Year_of_birth_missing_(living_people),-0.625,19372,1
542028,John_Edward_Swindler,10,61.0,Year_of_birth_uncertain,-0.8360655737704918,1357,1
920302,Pemmasani_Ramalinga_Nayudu,10,57.0,Year_of_birth_unknown,-0.8245614035087719,3041,1
1299445,Wariyapola_Sri_Sumangala,13,54.0,Year_of_death_missing,-0.7592592592592593,1624,1
1045589,Rufio_(officer_of_Caesar),13,101.0,Year_of_death_unknown,-0.8712871287128713,1122,1
